ACM1_421_433,FRAY GRK PDHK VRK
ACM1_444_456,CDK DAPK DYRK ERK GRK IRAK JNK PHK PKC STE7 VRK
ACM4_456_468,FRAY GRK MELK MLK PDHK PDK1 PKC VRK
ACM5_494_506,CAMK2 FRAY GRK IRAK PDHK PDK1 PKC VRK
ACM5_498_510,FRAY GRK MLK PDHK PDK1 PKC VRK
ADDB_696_708,CDK DYRK ERK GRK GSK JNK MELK p38 PDK1 PKC QIK STE11 STE7 TLK VRK
ADDB_706_718,AMPK CDK DYRK ERK FRAY GRK JNK MELK MST NEK PAKA PDHK PKC RSK VRK
ADRB2_338_350,CAMK2 CDK CHK1 GRK PDHK PKC VRK
AKT1_301_313,CAMK2 CDK DYRK ERK FRAY GRK JNK LKB MELK MST PDHK PDK1 PKC STE11 STE7 STKR VRK
ANDR_785_797,ERK GRK MLK PHK PKD RSK VRK
ANXA1_209_221,FRAY GRK MST PHK VRK
ATF2_47_59,CDK DYRK ERK FRAY GRK JNK MST STE7 VRK
ATM_1972_1984,AMPK CAMK2 CDK ERK FRAY GRK MELK MLK MST NEK PDHK PHK PKC QIK STE7 TLK VRK
BAD_112_124,AMPK CDK DYRK ERK FRAY GRK IRAK PDHK PHK PIM PKC QIK RSK STE11 STE7 VRK
BAD_69_81,AKT CDK ERK FRAY GRK MELK MLK MST PAKA PDHK PHK PIM PKC QIK RAF RSK STE11 STE7 VRK
BAD_93_105,AKT CAMK2 CHK1 GRK MLK PHK PIM PKC QIK RAF RSK STE7 VRK
BCKD_45_57,AKT AMPK CAMK2 CDK CHK1 ERK FRAY GRK MELK MLCK MLK MST NEK PDHK PHK PKC QIK RSK STE11 STE7 TLK VRK
BRCA1_1451_1463,AMPK CAMK2 CDK ERK FRAY GRK PDHK PKC QIK STE7 ULK VRK
C1R_201_213,AMPK CAMK2 CDK DYRK ERK FRAY GRK IRAK MSN PDHK PKC QIK STE11 STE7 STKR VRK
CA2D1_494_506,CDK DYRK ERK GRK JNK MST PAKA PDHK PKC RAD53 VRK
CAC1C_1974_1986,CDK CHK1 GRK PDHK PHK PKC PKD QIK RAD53 VRK
CD27_212_224,AMPK CDK DAPK GRK MLK MST PDHK PHK PKC PKD QIK VRK
CDC2_154_169,CDK ERK FRAY GRK STE7 VRK
CDK7_163_175,CDK DYRK ERK FRAY GRK JNK MST p38 PKC QIK STE7 VRK
CDN1A_139_151,AKT AMPK CAMK2 CDK CHK1 DAPK ERK FRAY GRK MELK MLK PHK PIM PKC PKD QIK RSK STE7 VRK
CDN1B_151_163,AKT AMPK CAMK2 CDK CK1 ERK FRAY GRK PDHK PHK PIM PKC QIK RSK STE11 STE7 VRK
CENPA_1_14,CAMK2 CDK GRK PKC VRK
CFTR_730_742,AMPK CAMK2 CDK CHK1 DYRK GRK IRAK MAPKAPK PAKA PDHK PKC PKD QIK VRK
CFTR_761_773,AMPK CHK1 GRK PHK PKC PKD QIK STE7 VRK
CGHB_109_121,CAMK2 CDK GRK LKB PDHK PDK1 STE11 STE7 VRK
COF1_17_29,AKT CAMK2 CDK CHK1 DYRK ERK GRK JNK MST PHK PKC QIK RAF RSK VRK
CREB1_126_138,AMPK CAMK1 CAMK2 CDK CHK1 DYRK GRK PDHK PHK PKC PKD QIK RAD53 RSK VRK
CSF1R_701_713,AMPK CAMK2 CDK CHK1 FRAY GRK PDHK PKC VRK
CSK21_355_367,CDK DYRK ERK GRK JNK MST p38 PDK1 PHK QIK STE11 STE7 VRK
DCX_49_61,AMPK CDK ERK FRAY GRK PKC QIK VRK
DESP_2842_2854,AMPK CAMK2 CDK FRAY GRK MSN NAK PDHK PHK PKC QIK RSK STE11 STE7 VRK
E1A_ADE05_212_224,CDK CHK1 DYRK ERK GRK IRAK JNK p38 PHK PKC PKD QIK RAF STE7 VRK
ELK1_356_368,CDK DYRK ERK FRAY GRK JNK LKB MAPKAPK nmo PDK1 STE11 STE7 TLK VRK
ELK1_410_422,CDK DYRK ERK GRK JNK MAPKAPK nmo PHK PKC QIK STE11 STE7 STKR VRK
EPB42_241_253,AKT CHK1 GRK IRAK PHK PKA PKC STE7 VRK
ERBB2_679_691,CDK GRK MST PHK PKC RSK VRK
ERF_519_531,CAMK2 CDK CHK1 DAPK DMPK DYRK ERK GRK IRAK JNK MAPKAPK MST p38 PDHK PKC STE7 VRK
ESR1_160_172,AKT AMPK GRK PHK PIM PKC RSK STE11 VRK
F263_454_466,AMPK CAMK2 CDK CHK1 DYRK ERK GRK JNK MLCK PHK PKC PKD QIK RSK TLK VRK
FIBA_569_581,AKT AMPK CAMK1 CAMK2 CDK CK1 DMPK ERK FRAY GRK HAL MLCK MST PDHK PHK PIM PKC QIK RSK STE7 VRK
FOXO3_25_37,AKT CAMK2 FRAY GRK PDHK PHK PKC QIK RAF RSK STE11 STE7 VRK
FRAP_2443_2455,AKT AMPK CDK FRAY GRK MELK MLK PDHK PHK PIM PKC QIK RSK STE11 STE7 VRK
FRAP_2475_2487,GRK PDHK PHK STE7 VRK
GBRB2_427_439,AMPK CDK CHK1 DAPK FRAY GRK MST NEK PAKA PHK PIKK PKC PKD QIK RSK STE7 VRK
GPR6_349_361,AKT AMPK CAMK1 CDK DYRK ERK GRK JNK MAPKAPK MELK PHK PKC QIK RAF RSK TLK VRK
GPSM2_394_406,AMPK CAMK1 CAMK2 CDK CHK1 GRK MARK PHK PKC PKD QIK TLK VRK
GRIK2_708_720,AMPK CDK DYRK FRAY GRK MLK NEK PAKA PDHK PHK PKC PKD QIK STE11 STE7 VRK
GSUB_61_73,CDK DAPK DYRK GRK JNK PHK VRK
GYS2_1_13,AKT AMPK CAMK2 CDK CHK1 FRAY GRK LKB MAPKAPK MLCK PHK PKC PKD QIK RSK STE7 STKR TLK VRK
H2B1B_ 27_40,AKT AMPK CAMK1 CAMK2 CDK DAPK DMPK FRAY GRK MLK MST PAKA PDHK PHK PIM PKC PKD PLK QIK RSK STE7 VRK
H32_3_18,AMPK CAMK2 CHK1 DAPK FRAY GRK MLK MSN MST NAK PKC QIK RAF RSK STE7 VRK
IF4E_203_215,AMPK CDK ERK FRAY GRK LKB MLK MST PKC QIK STE11 STE7 STKR VRK
IKBA_26_38,AMPK CDK FRAY GRK IKK NEK PKC STE7 STKR VRK
IKKB_173_185_C179A,AMPK CAMK2 CDK DYRK ERK FRAY GRK LKB MST PDHK PDK1 PKC STE11 STE7 TLK VRK
IKKB_686_698,AMPK CDK DMPK ERK FRAY GRK PAKA PHK PKC PKD QIK STE11 STE7 TLK VRK
K6PL_766_778,AKT CAMK2 CDK GRK MAPKAPK MARK MLK MST PHK PKC RSK VRK
KAP2_92_104,CAMK2 CDK CHK1 DYRK FRAY GRK PDHK PHK PKC PKD QIK STE7 VRK
KAP3_107_119,CAMK2 CHK1 GRK PDHK PKC VRK
KAPCG_192_206,CAMK2 CDK DYRK ERK GRK IRAK JNK LKB MELK MST PDHK PDK1 PHK PKC STE11 VRK
KCC2G_278_289,CAMK2 CDK CHK1 FRAY GRK MELK MLCK PHK PKC QIK STE7 VRK
KCNA1_438_450,AKT AMPK CAMK1 CAMK2 CDK CHK1 DAPK DMPK DYRK ERK FRAY GRK MELK MLK MST NEK PDHK PHK PKC PKD QIK RAD53 RSK STE11 STE7 STKR TLK VRK
KCNA2_442_454,AKT AMPK CAMK1 CAMK2 CDK CK1 DMPK FRAY GRK MSN MST NEK PDHK PHK PKC PKD PLK QIK RSK STE11 STE7 STKR TLK ULK VRK
KCNA3_461_473,AKT AMPK CAMK1 CAMK2 CDK DMPK DYRK FRAY GRK MARK MST PAKA PDHK PHK PKC PKD QIK RSK STKR TLK VRK
KCNA6_504_516,AKT CAMK2 CDK DAPK DYRK ERK FRAY GRK GSK JNK MST nmo PDHK PDK1 PHK PKC PKD RSK VRK
KCNB1_489_501,AKT AMPK CAMK1 CAMK2 CDK CK1 DYRK FRAY GRK MAPKAPK MELK MLK MST NEK PDHK PHK PKC PKD QIK RSK STE7 VRK
KIF11_919_931,AMPK CDK DMPK DYRK ERK FRAY GRK JNK NAK PDHK PKC STE7 VRK
KIF2C_105_118_S106G,AKT AMPK CAMK2 CDK DMPK DYRK ERK FRAY GRK MELK MLCK MLK NEK PAKA PDHK PHK PKC PKD QIK RSK STE11 STE7 VRK
KPB1_1011_1023,AMPK CAMK2 CDK DYRK GRK PAKA PDHK PHK PKC PKD VRK
KPCB_19_31_A25S,CHK1 GRK MST PKC PKD VRK
KPCB_626_639,CAMK2 GRK PDHK STE7 VRK
KS6A1_374_386,CAMK2 GRK MSN NAK PDHK PHK PKC RAD53 STE7 VRK
LIPS_944_956,AKT AMPK CAMK2 CDK ERK FRAY GRK MST PDHK PIKK PKC RAF RSK VRK
LMNA_192_204,AKT CAMK2 FRAY GRK MELK PHK PKC STE7 VRK
LMNB1_16_28,CDK DYRK ERK GRK IRAK JNK MLK nmo p38 PIKK PKC RAF STE11 STE7 TLK VRK
MARCS_152_164,CDK DAPK DMPK FRAY GRK MST PAKA PDHK PHK PKC PKD RAD53 VRK
MARCS_160_172,CDK FRAY GRK MLK MST PDHK PKC QIK STE7 VRK
MBP_222_234,CDK DYRK ERK GRK GSK IRAK JNK PIKK RAF VRK
MK10_214_226,CDK DYRK ERK FRAY GRK JNK MLK MST nmo PDHK PDK1 QIK STE11 STE7 VRK
MP2K1_281_293,CDK DYRK ERK GRK IRAK JNK p38 PIKK PKC STE11 STE7 VRK
MP2K1_287_299,AMPK CDK DYRK ERK GRK IRAK JNK LKB MAPKAPK p38 PAKA PDHK PHK PKC PKD STE7 VRK
MPH6_140_152,CDK DYRK ERK GRK JNK STE7 VRK
MPIP1_172_184,AKT CAMK2 CHK1 FRAY GRK PKC QIK RAD53 RAF RSK VRK
MPIP3_208_220,AMPK CAMK1 CAMK2 CDK CHK1 DYRK ERK FRAY GRK JNK MARK MELK p38 PKC QIK RAD53 RAF VRK
MYBB_513_525,CDK DYRK ERK FRAY GRK JNK NEK nmo PDHK PDK1 STE7 VRK
MYC_51_63,CAMK2 CDK DYRK ERK GRK GSK IRAK JNK LKB nmo PDK1 TLK VRK
MYPC3_268_280,CAMK2 CHK1 FRAY GRK MLK PHK PKC QIK STE11 STE7 STKR VRK
NCF1_296_308,CAMK2 GRK MELK MSN NEK PAKA PDHK PHK PKC PKD VRK
NCF1_321_333,CAMK2 CHK1 GRK IRAK MLCK MST PHK PKC QIK VRK
NEK2_172_184,AMPK CAMK2 CDK DYRK ERK FRAY GRK IRAK JNK LKB MELK MLK MST PDHK PDK1 PKC STE11 STE7 VRK
NEK3_158_170,CAMK2 DYRK ERK FRAY GRK IRAK JNK LKB MLK MST PDHK PDK1 PKC STE11 STE7 VRK
NFKB1_330_342,AMPK CAMK2 CDK FRAY GRK PDHK PKC STE7 VRK
NMDZ1_890_902,AKT AMPK CAMK2 CDK CHK1 CLK DAPK DMPK DYRK FRAY GRK MELK MLK MST PAKA PDHK PHK PIM PKC PKD PLK QIK RAD53 RSK STE7 VRK
NOS3_1171_1183,AKT AMPK CAMK2 CDK CHK1 CK1 FRAY GRK MELK NEK PDHK PHK PKC QIK RSK STE11 STE7 VRK
NR4A1_344_356,AKT CDK ERK GRK PHK PIM PKC RAF RSK VRK
NTRK3_824_836,CDK DYRK ERK GRK IRAK JNK STE7 VRK
P53_12_24,AMPK CDK CK1 ERK GRK IRAK MLK MST PDHK PHK RAF VRK
P53_308_323,AMPK CAMK1 CAMK2 CDK DYRK ERK GRK JNK PKC PKD QIK STE7 TLK VRK
PDE5A_95_107,AMPK CDK DYRK ERK FRAY GRK JNK MAPKAPK MLK p38 PHK PKC PKD QIK STE7 VRK
PDPK1_27_39,AKT CAMK2 CDK CHK1 DYRK ERK FRAY GRK GSK JNK LKB MELK MLK NEK PDHK PDK1 PHK PIKK PKC PKD QIK RAF RSK STE11 STE7 STKR TLK VRK
PLEK_106_118,CDK CHK1 FRAY GRK MLCK MST PKC RAF VRK
PLM_76_88,CAMK2 CDK CHK1 GRK MAPKAPK MLK MSN PAKA PDHK PKC PKD RSK STE11 STE7 VRK
PP2AB_297_309,AMPK CDK DYRK ERK GRK JNK MLK VRK
PPR1A_28_40,AKT CDK DAPK DYRK ERK GRK IRAK JNK PHK RSK VRK
PRKDC_2618_2630,CAMK2 ERK FRAY GRK LKB MELK MLK PKC QIK STE11 STE7 TLK VRK
PTK6_436_448,AKT CDK GRK MELK PAKA PDHK PHK PIM PKC PKD QIK RSK STE7 STKR VRK
PTN12_32_44,CDK SHK1 ERK FRAY GRK MLK PAKA PDHK PHK PKC PKD QIK RSK STE7 VRK
PYGL_8_20,CDK GRK MELK PHK PKC PKD RSK VRK
RAB1A_187_199,CDK DAPK DYRK ERK GRK JNK MLCK PKC QIK STE7 VRK
RADI_559_569,DMPK GRK MLK MST PKC RAF STE7 VRK
RAF1_253_265,AKT AMPK CAMK1 CDK CHK1 DAPK DMPK DYRK ERK FRAY GRK JNK MARK MLK PAKA PHK PKC PKD QIK RAF RSK STE7 VRK
RAP1B_172_184,AKT CDK DAPK DMPK GRK PDHK PHK PKC QIK RSK VRK
RB_242_254,CDK DYRK ERK GRK IRAK JNK PKC VRK
RB_350_362,CDK DYRK ERK GRK JNK MLK MST PDHK PHK PKC QIK STE7 VRK
RB_774_786,CDK DYRK ERK GRK JNK MLK PHK QIK RAF STE7 TLK VRK
RB_803_815,CDK DYRK ERK GRK JNK QIK STE7 VRK
RBL2_632_644,CDK DYRK ERK GRK IRAK JNK NEK VRK
RBL2_655_667,CDK CHK1 DYRK ERK FRAY GRK JNK MELK NEK PHK PKC PKD QIK RAF STE7 ULK VRK
RBL2_959_971,AMPK CDK CLK DYRK ERK FRAY GRK JNK MLK NEK nmo p38 PDHK PHK PKC QIK RAF STE11 STE7 TLK VRK
REL_260_272,CAMK2 CDK CHK1 CLK FRAY GRK MAPKAPK PDHK PKC PKD RSK STE7 VRK
RS6_228_240,AKT AMPK CAMK1 CAMK2 CDK DAPK DMPK FRAY GRK MAPKAPK MELK PAKA PDHK PHK PIM PKC PKD QIK RSK VRK
RYR1_4317_4329,AKT DMPK GRK MLK PHK PKC RSK VRK
SCN7A_898_910,AMPK CAMK2 CDK DAPK GRK HAL PHK PKC STE7 VRK
SRC_413_425,FRAY GRK PKC STE11 STE7 VRK
SRC8_CHICK_423_435,CAMK1 CDK DYRK ERK FRAY GRK IRAK JNK nmo p38 PDHK PHK PKC PKD QIK RAF RSK STE7 STKR VRK
STK6_283_295,AMPK CAMK2 CDK FRAY GRK IRAK LKB MELK MLK NEK PDHK PDK1 PHK PKC QIK STE11 STE7 ULK VRK
STMN2_90_102,AMPK CAMK2 GRK MELK PAKA PHK PKC RSK STE11 STE7 VRK
TAU_524_536,AKT AMPK CAMK1 CAMK2 CDK DYRK ERK FRAY GRK GSK JNK MELK MST p38 PDK1 PHK PIKK PKC PKD QIK RAF RSK STE11 STE7 VRK
TLE2_246_258,CAMK2 CDK DYRK ERK GRK JNK LKB nmo p38 PDK1 QIK RAF VRK
TOP2A_1463_1475,AKT AMPK CAMK2 CDK CHK1 CK1 DAPK DMPK FRAY GRK MLK NEK PHK PIM PKC PKD QIK RSK STE7 VRK
TY3H_65_77,CAMK2 CHK1 GRK PHK PKC QIK VRK
VASP_150_162,CHK1 GRK MLK PHK PKC PKD STE7 VRK
VASP_232_244,CDK GRK PHK PKC RSK VRK
VASP_271_283,AKT AMPK CDK DAPK GRK MLK PAKA PHK RSK VRK
VIGLN_289_301,CAMK2 CDK DAPK DMPK FRAY GRK MELK MLK PAKA PHK PKC PLK STE7 VRK
VTNC_390_402,CDK CHK1 DAPK DMPK GRK MAPKAPK MLK MST PDHK PHK PKC QIK RSK VRK
YAP1_121_133,AKT AMPK CAMK2 CDK DYRK ERK GRK IRAK JNK MELK MLK PKC QIK RSK STE7 VRK
